{
  "project_info": {
    "project_number": "949035630278",
    "project_id": "groceryapp-983db",
    "storage_bucket": "groceryapp-983db.appspot.com"
  },
  "client": [
    {
      "client_info": {
        "mobilesdk_app_id": "1:949035630278:android:3a29b0df8c23524125e1c7",
        "android_client_info": {
          "package_name": "com.example.groceryapp"
        }
      },
      "oauth_client": [
        {
          "client_id": "949035630278-iiu2sk721g6vl55esogc1bss7oa2fuhn.apps.googleusercontent.com",
          "client_type": 3
        }
      ],
      "api_key": [
        {
          "current_key": "AIzaSyAREoZlV9m5oMZePSRTxfHvU_A4P-uH19M"
        }
      ],
      "services": {
        "appinvite_service": {
          "other_platform_oauth_client": [
            {
              "client_id": "949035630278-iiu2sk721g6vl55esogc1bss7oa2fuhn.apps.googleusercontent.com",
              "client_type": 3
            }
          ]
        }
      }
    }
  ],
  "configuration_version": "1"
}